
INSERT INTO `video`VALUES (1,'Thỏ baybe nhảy vô tri',' Chúc các bạn xem video vui vẻ nếu thấy video hay thì cho mình 1 like và 1 subcribe nhé để mình có động lực ra nhiều video hay hơn !\n\n \n \n \n \n \n \n \n \n\nTừ khóa : tik tok,tik tok nhảy,nhảy tik tok,tik tok nhảy trend,tik tok nhay,nhay tik tok,tik tok nhay trend,trend tik tok,trend tik tok mới nhất,tik tok 2023,tổng hợp tik tok tháng\n\n\n? Chủ Đề Trên Kênh :\n- Tổng hợp nhạc hot trend tik tok tháng\n- Tổng hợp các điệu nhảy viral\n- Tổng hợp một số trend tik tok đang hot\n\n\n\n\n\n','https://firebasestorage.googleapis.com/v0/b/vtube-15.appspot.com/o/videos%2FDownload.mp46f0f1b04-1ead-45f8-857a-010e85e2674f?alt=media&token=f1110af1-221a-4c66-9ea9-77b479a94f30','https://firebasestorage.googleapis.com/v0/b/vtube-15.appspot.com/o/images%2Fgai-xinh-3.jpg48d87fa6-58c6-4054-a654-82b3be9cdc01?alt=media&token=a2fb46cc-d673-4f43-bc6c-1320c361a236','2023-10-05 20:07:51',0,122,0,0,'19.0000',0,501,'2023-10-06 03:07:51'),
                           (2,'Bechow que',' Chúc các bạn xem video vui vẻ nếu thấy video hay thì cho mình 1 like và 1 subcribe nhé để mình có động lực ra nhiều video hay hơn !\n\n \n \n \n \n \n \n \n \n\nTừ khóa : tik tok,tik tok nhảy,nhảy tik tok,tik tok nhảy trend,tik tok nhay,nhay tik tok,tik tok nhay trend,trend tik tok,trend tik tok mới nhất,tik tok 2023,tổng hợp tik tok tháng\n\n\n\n? Chủ Đề Trên Kênh :\n- Tổng hợp nhạc hot trend tik tok tháng\n- Tổng hợp các điệu nhảy viral\n- Tổng hợp một số trend tik tok đang hot\n\n\n\n\n\n','https://firebasestorage.googleapis.com/v0/b/vtube-15.appspot.com/o/videos%2FDownload%20(1).mp46676c538-d91d-4f01-a128-365794a57c2f?alt=media&token=8d0ce914-b71b-478e-8f90-134b91f2e476','https://firebasestorage.googleapis.com/v0/b/vtube-15.appspot.com/o/images%2Fgai-xinh-2.jpge94a88c2-180d-445d-9c98-f4bfe49795e0?alt=media&token=25547180-3b3b-4c3b-9272-aa49a7478129','2023-10-05 20:09:28',0,242,0,0,'19.0000',0,501,'2023-10-06 03:09:28'),
                           (3,'gaixinh 8386',' Chúc các bạn xem video vui vẻ nếu thấy video hay thì cho mình 1 like và 1 subcribe nhé để mình có động lực ra nhiều video hay hơn !\n\n \n \n \n \n \n \n \n \n\nTừ khóa : tik tok,tik tok nhảy,nhảy tik tok,tik tok nhảy trend,tik tok nhay,nhay tik tok,tik tok nhay trend,trend tik tok,trend tik tok mới nhất,tik tok 2023,tổng hợp tik tok tháng\n\n\n\n? Chủ Đề Trên Kênh :\n- Tổng hợp nhạc hot trend tik tok tháng\n- Tổng hợp các điệu nhảy viral\n- Tổng hợp một số trend tik tok đang hot\n\n\n\n\n\n','https://firebasestorage.googleapis.com/v0/b/vtube-15.appspot.com/o/videos%2FDownload%20(2).mp4557fbb1a-1465-4471-affa-61a1977738c0?alt=media&token=4d8fd09c-c94f-4fd1-81fa-215736a8214b','https://firebasestorage.googleapis.com/v0/b/vtube-15.appspot.com/o/images%2Fgai-xinh-1.jpg936d0984-f712-47c3-a2d9-3ebb48b55b36?alt=media&token=1fd92696-c617-49d1-8281-e886c2087bf0','2023-10-05 20:11:39',0,3321,0,0,'19.0000',0,501,'2023-10-06 03:11:39'),
                           (4,'Haianhcute06_08 bơi',' Chúc các bạn xem video vui vẻ nếu thấy video hay thì cho mình 1 like và 1 subcribe nhé để mình có động lực ra nhiều video hay hơn !\n\n \n \n \n \n \n \n \n \n\nTừ khóa : tik tok,tik tok nhảy,nhảy tik tok,tik tok nhảy trend,tik tok nhay,nhay tik tok,tik tok nhay trend,trend tik tok,trend tik tok mới nhất,tik tok 2023,tổng hợp tik tok tháng\n\n\n\n? Chủ Đề Trên Kênh :\n- Tổng hợp nhạc hot trend tik tok tháng\n- Tổng hợp các điệu nhảy viral\n- Tổng hợp một số trend tik tok đang hot\n\n\n\n\n\n','https://firebasestorage.googleapis.com/v0/b/vtube-15.appspot.com/o/videos%2FDownload%20(3).mp4e09446ae-8b40-47ca-987f-beeb3113d603?alt=media&token=725f3a6a-a508-4900-bfae-4650be905ea9','https://firebasestorage.googleapis.com/v0/b/vtube-15.appspot.com/o/images%2Fhaianh.jpge3e001a6-8ab4-4472-bcf7-3ff6d448ab5f?alt=media&token=87692b5e-767b-4cf2-9f2d-da85cd8e47cd','2023-10-05 20:13:56',0,15254,0,0,'19.0000',0,501,'2023-10-06 03:13:56'),
                           (5,'Tiểu hý hot tiktok','\nTiểu Hý là 1 hiện tượng mạng xã hội, một hot TikToker chỉ sau một đêm đăng clip nhún nhảy tưng bừng cùng biểu cảm hết sức tự nhiên mà trở nên nổi tiếng. Cô nàng còn được nhiều người gọi là \"vợ quốc dân\" bởi ngoại hình xinh xắn, dễ thương.','https://firebasestorage.googleapis.com/v0/b/vtube-15.appspot.com/o/videos%2FDownload%20(6).mp483b2109f-0b79-4df0-97a0-55e4b9dfa404?alt=media&token=c4778816-7d89-4dc7-a1e0-6976b4cfb975','https://firebasestorage.googleapis.com/v0/b/vtube-15.appspot.com/o/images%2Ftieu-hy.jpg0e4703e9-8933-4a43-b500-9f42256c7062?alt=media&token=ae3066e4-b908-4d85-a906-84a73f25d331','2023-10-05 20:23:57',0,12355,0,0,'19.0000',0,501,'2023-10-06 03:23:57'),
                           (6,'Le Bống nhày bên bờ hồ :v','Tiểu Hý là 1 hiện tượng mạng xã hội, một hot TikToker chỉ sau một đêm đăng clip nhún nhảy tưng bừng cùng biểu cảm hết sức tự nhiên mà trở nên nổi tiếng. Cô nàng còn được nhiều người gọi là \"vợ quốc dân\" bởi ngoại hình xinh xắn, dễ thương.\n','https://firebasestorage.googleapis.com/v0/b/vtube-15.appspot.com/o/videos%2FDownload%20(7).mp424d918e8-9c53-483a-a03d-bce18d168771?alt=media&token=c2e8ff20-0fe3-4021-9682-848c14661b89','https://firebasestorage.googleapis.com/v0/b/vtube-15.appspot.com/o/images%2Fle-bong-2.jpgc3c2a46d-5fd3-492a-ba51-38da7c8f3b62?alt=media&token=10123757-1c89-4f49-95a2-996514d4b33b','2023-10-05 20:25:24',0,4545,0,0,'19.0000',0,501,'2023-10-06 03:25:24'),
                           (7,'Độ mixi','Xả stress','https://firebasestorage.googleapis.com/v0/b/vtube-15.appspot.com/o/videos%2Fvideo1.mp47c2e1077-631e-4aca-8071-fb7266b9fdae?alt=media&token=03ad7f50-4ec5-4313-9d1c-db356d6f88a0','https://kenh14cdn.com/thumb_w/660/203336854389633024/2023/5/7/3458456202146140746309744277482180723461574n-16834412492221080973996.jpg','2023-10-12 04:19:25',0,12,0,0,'19.0000',0,501,'2023-10-12 05:25:24'),
                           (8,'tien kara','Nhằm mục đích xả stress sau giờ học, chúng tôi xin cung cấp những tài liệu bổ ích nhằm tăng vitamin cười','https://firebasestorage.googleapis.com/v0/b/vtube-15.appspot.com/o/videos%2FIMG_2643.MOVf22367a3-5aa3-4ca4-b35a-3b802edbb8e5?alt=media&token=63bad502-6731-44f8-9905-20004086dc62','https://firebasestorage.googleapis.com/v0/b/vtube-15.appspot.com/o/images%2FIMG_2637.jpg5b65a759-ba2b-41f9-bdaa-153d77687a7b?alt=media&token=3c02914d-0b73-413e-b979-3323a40f42e8','2023-10-12 20:25:24',0,30,1,2,'19.0000',0,501,'2023-10-12 21:25:24'),
                            (9,'Girl 12','', 'https://firebasestorage.googleapis.com/v0/b/vtube-15.appspot.com/o/shorts%2Fgirl12.mp4?alt=media&token=06712812-ec58-48ef-beba-e0f224cb831c','','2023-10-16 14:55:18',0, 0,0,0,19.0000,1,501,'2023-10-16 14:55:18'),
                            (10,'Girl 14','', 'https://firebasestorage.googleapis.com/v0/b/vtube-15.appspot.com/o/shorts%2Fgirl17.mp4?alt=media&token=16f2fb8c-9324-4a1d-8c8c-fddb4edb04b5','','2023-10-16 14:55:18',0, 0,0,0,19.0000,1,501,'2023-10-16 14:55:18'),
                            (11,'Girl 25','', 'https://firebasestorage.googleapis.com/v0/b/vtube-15.appspot.com/o/shorts%2Fgirl25.mp4?alt=media&token=04c71b11-bed0-4129-8cc1-f5d6603f1ceb','','2023-10-16 14:55:18',0, 0,0,0,19.0000,1,501,'2023-10-16 14:55:18'),
                            (12,'Girl 26','', 'https://firebasestorage.googleapis.com/v0/b/vtube-15.appspot.com/o/shorts%2Fgirl26.mp4?alt=media&token=10d3a501-e971-4416-abfe-dbcfd68c1837','','2023-10-16 14:55:18',0, 0,0,0,19.0000,1,501,'2023-10-16 14:55:18'),
                            (13,'Girl 27','', 'https://firebasestorage.googleapis.com/v0/b/vtube-15.appspot.com/o/shorts%2Fgirl27.mp4?alt=media&token=2d9c76de-5dd9-4500-98f3-3fa2e4d3a12f','', '2023-10-16 14:55:18',0, 0,0,0,19.0000,1,501,'2023-10-16 14:55:18'),
                            (14,'Girl 28', '','https://firebasestorage.googleapis.com/v0/b/vtube-15.appspot.com/o/shorts%2Fgirl28.mp4?alt=media&token=760a4300-ef94-4c60-a7f3-71f9848317e4','', '2023-10-16 14:55:18',0, 0,0,0,19.0000,1,501,'2023-10-16 14:55:18'),
                            (15,'Girl 29','', 'https://firebasestorage.googleapis.com/v0/b/vtube-15.appspot.com/o/shorts%2Fgirl29.mp4?alt=media&token=471c2660-d050-4804-832a-5b322aa9661d', '','2023-10-16 14:55:18',0, 0,0,0,19.0000,1,501,'2023-10-16 14:55:18'),
                            (16,'Girl 30','', 'https://firebasestorage.googleapis.com/v0/b/vtube-15.appspot.com/o/shorts%2Fgirl30.mp4?alt=media&token=9d59c266-942c-449e-9a98-db6a62aa66b5','', '2023-10-16 14:55:18',0, 0,0,0,19.0000,1,501,'2023-10-16 14:55:18'),
                            (17,'Girl 31','', 'https://firebasestorage.googleapis.com/v0/b/vtube-15.appspot.com/o/shorts%2Fgirl31.mp4?alt=media&token=6796d59a-ba0f-477e-95d5-deadcc452ca6','','2023-10-16 14:55:18',0, 0,0,0,19.0000,1,501,'2023-10-16 14:55:18'),
                            (18,'Girl 32', '','https://firebasestorage.googleapis.com/v0/b/vtube-15.appspot.com/o/shorts%2Fgirl32.mp4?alt=media&token=538326f6-f614-4b15-99dc-b343d383f08c','', '2023-10-16 14:55:18',0, 0,0,0,19.0000,1,501,'2023-10-16 14:55:18'),
                            (19,':))','', 'https://firebasestorage.googleapis.com/v0/b/vtube-15.appspot.com/o/shorts%2Fcom-cho-1.mp4?alt=media&token=10d4b3d5-2450-4e3a-b0a7-ead401473895', '','2023-10-16 14:55:18',0, 0,0,0,19.0000,1,501,'2023-10-16 14:55:18'),
                            (20,'Giá là bao nhiêu ý nhờ ?','', 'https://firebasestorage.googleapis.com/v0/b/vtube-15.appspot.com/o/shorts%2Fclip-hai.mp4?alt=media&token=a2dde5f0-bb48-4c47-83fe-e0019bdd05ee','', '2023-10-16 14:55:18',0, 0,0,0,19.0000,1,501,'2023-10-16 14:55:18'),
                            (21,'20/10 mua quà cho bạn gái đi :3','', 'https://firebasestorage.googleapis.com/v0/b/vtube-15.appspot.com/o/shorts%2Fgau-bong.mp4?alt=media&token=2f7a009b-b326-4868-b575-cda16f599b12','', '2023-10-16 14:55:18',0, 0,0,0,19.0000,1,501,'2023-10-16 14:55:18'),
                            (22,'Luffy', '','https://firebasestorage.googleapis.com/v0/b/vtube-15.appspot.com/o/shorts%2FM-Luffy-G5.mp4?alt=media&token=093a075b-bc4e-4d8c-924f-403253889ae8', '','2023-10-16 14:55:18',0, 0,0,0,19.0000,1,501,'2023-10-16 14:55:18'),
                            (23,'Girl 1', '','https://firebasestorage.googleapis.com/v0/b/vtube-15.appspot.com/o/shorts%2Fgirl1.mp4?alt=media&token=dbb797f3-0295-4b53-a05f-6095f79862ab','', '2023-10-16 14:55:18',0, 0,0,0,19.0000,1,501,'2023-10-16 14:55:18'),
                            (24,'ProPlayer TarkaJi','', 'https://firebasestorage.googleapis.com/v0/b/vtube-15.appspot.com/o/shorts%2FProTarkaJi.mp4?alt=media&token=8923fa9f-017c-4d53-96f1-992423381015', '','2023-10-16 14:55:18',0, 0,0,0,19.0000,1,501,'2023-10-16 14:55:18'),
                            (25,'Girl 2','', 'https://firebasestorage.googleapis.com/v0/b/vtube-15.appspot.com/o/shorts%2Fgirl2.mp4?alt=media&token=44276cc1-2c43-4ca5-8827-4a30ac67270d', '','2023-10-16 14:55:18',0, 0,0,0,19.0000,1,501,'2023-10-16 14:55:18'),
                            (26,'TarkaJi Quỷ Lửa','', 'https://firebasestorage.googleapis.com/v0/b/vtube-15.appspot.com/o/shorts%2FTarkaJi.mp4?alt=media&token=f5c1f734-e5ad-4048-9591-b7e55fa2297d', '','2023-10-16 14:55:18',0, 0,0,0,19.0000,1,501,'2023-10-16 14:55:18'),
                            (27,'Girl 3', '','https://firebasestorage.googleapis.com/v0/b/vtube-15.appspot.com/o/shorts%2Fgirl3.mp4?alt=media&token=92ccc292-d16b-4086-85fd-cd2ed7de1d60','','2023-10-16 14:55:18',0, 0,0,0,19.0000,1,501,'2023-10-16 14:55:18'),
                            (28,'Zoro Vs Kaido', '','https://firebasestorage.googleapis.com/v0/b/vtube-15.appspot.com/o/shorts%2FZorovsKaido.mp4?alt=media&token=1913ee1f-59a5-4420-b823-3dbb60ffee99','', '2023-10-16 14:55:18',0, 0,0,0,19.0000,1,501,'2023-10-16 14:55:18'),
                            (29,'Girl 4', '','https://firebasestorage.googleapis.com/v0/b/vtube-15.appspot.com/o/shorts%2Fgirl4.mp4?alt=media&token=54fbb119-1481-48a7-b6bd-36aca2c5b568','', '2023-10-16 14:55:18',0, 0,0,0,19.0000,1,501,'2023-10-16 14:55:18'),
                            (30,'Dog vs Cat', '','https://firebasestorage.googleapis.com/v0/b/vtube-15.appspot.com/o/shorts%2Fdogvscat.mp4?alt=media&token=dbb30955-d24a-46b3-967a-203d72134067','', '2023-10-16 14:55:18',0, 0,0,0,19.0000,1,501,'2023-10-16 14:55:18'),
                            (31,'Girl 5', '','https://firebasestorage.googleapis.com/v0/b/vtube-15.appspot.com/o/shorts%2Fgirl5.mp4?alt=media&token=8a25482b-3ac5-4850-9c8c-50e27825fdeb', '','2023-10-16 14:55:18',0, 0,0,0,19.0000,1,501,'2023-10-16 14:55:18'),
                            (32,'Đụng là chạm','', 'https://firebasestorage.googleapis.com/v0/b/vtube-15.appspot.com/o/shorts%2Fdunglacham.mp4?alt=media&token=6aa3006a-3b66-4fac-b1a9-93ca51ef7cfa','', '2023-10-16 14:55:18',0, 0,0,0,19.0000,1,501,'2023-10-16 14:55:18'),
                            (33,'Girl 6', '','https://firebasestorage.googleapis.com/v0/b/vtube-15.appspot.com/o/shorts%2Fgirl6.mp4?alt=media&token=3f9990ac-c8e0-4b99-8bcf-ed29e0c4c769', '','2023-10-16 14:55:18',0, 0,0,0,19.0000,1,501,'2023-10-16 14:55:18'),
                            (34,'Kuro game', '','https://firebasestorage.googleapis.com/v0/b/vtube-15.appspot.com/o/shorts%2Fkurogame.mp4?alt=media&token=7bc978cc-737d-4c06-9652-296c723e1356','', '2023-10-16 14:55:18',0, 0,0,0,19.0000,1,501,'2023-10-16 14:55:18'),
                            (35,'Girl 7','', 'https://firebasestorage.googleapis.com/v0/b/vtube-15.appspot.com/o/shorts%2Fgirl7.mp4?alt=media&token=05db8c67-3a79-4be5-8a2c-a62ca44448e3', '','2023-10-16 14:55:18',0, 0,0,0,19.0000,1,501,'2023-10-16 14:55:18'),
                            (36,'Imaginative creativity', '','https://firebasestorage.googleapis.com/v0/b/vtube-15.appspot.com/o/shorts%2Fimaginative-creativity.mp4?alt=media&token=ba7725c6-69ed-4831-b942-a600f393f726', '','2023-10-16 14:55:18',0, 0,0,0,19.0000,1,501,'2023-10-16 14:55:18'),
                            (37,'Girl 8', '','https://firebasestorage.googleapis.com/v0/b/vtube-15.appspot.com/o/shorts%2Fgirl8.mp4?alt=media&token=230c269b-56cc-4dcc-946a-81a38febfae4', '','2023-10-16 14:55:18',0, 0,0,0,19.0000,1,501,'2023-10-16 14:55:18'),
                            (38,'Luffy G5', '','https://firebasestorage.googleapis.com/v0/b/vtube-15.appspot.com/o/shorts%2FluffyG5.mp4?alt=media&token=7edd1e3a-47d4-4727-8e98-b445ce0c9d71', '','2023-10-16 14:55:18',0, 0,0,0,19.0000,1,501,'2023-10-16 14:55:18'),
                            (39,'Girl 9','', 'https://firebasestorage.googleapis.com/v0/b/vtube-15.appspot.com/o/shorts%2Fgirl9.mp4?alt=media&token=d280f860-0a1c-4811-9525-33b67353c8f8','', '2023-10-16 14:55:18',0, 0,0,0,19.0000,1,501,'2023-10-16 14:55:18'),
                            (40,'Luffy Gear 5','', 'https://firebasestorage.googleapis.com/v0/b/vtube-15.appspot.com/o/shorts%2FluffyGear5.mp4?alt=media&token=3957da7e-8184-4a69-8b85-a35bd566521f', '','2023-10-16 14:55:18',0, 0,0,0,19.0000,1,501,'2023-10-16 14:55:18'),
                            (41,'Girl 10','', 'https://firebasestorage.googleapis.com/v0/b/vtube-15.appspot.com/o/shorts%2Fgirl10.mp4?alt=media&token=34f95fe3-2926-4f90-938c-3bc8953e5e03', '','2023-10-16 14:55:18',0, 0,0,0,19.0000,1,501,'2023-10-16 14:55:18'),
                            (42,'Luffy Nika', '','https://firebasestorage.googleapis.com/v0/b/vtube-15.appspot.com/o/shorts%2FluffyNika.mp4?alt=media&token=3bb800bc-d645-4aac-9822-daab736edcbd', '','2023-10-16 14:55:18',0, 0,0,0,19.0000,1,501,'2023-10-16 14:55:18'),
                            (43,'Girl 11','', 'https://firebasestorage.googleapis.com/v0/b/vtube-15.appspot.com/o/shorts%2Fgirl11.mp4?alt=media&token=3b09207c-fa4c-4a44-ada1-0233446cb651','','2023-10-16 14:55:18',0, 0,0,0,19.0000,1,501,'2023-10-16 14:55:18'),
                            (44,'Minato', '','https://firebasestorage.googleapis.com/v0/b/vtube-15.appspot.com/o/shorts%2Fminato.mp4?alt=media&token=539e17a6-347d-4075-a8a6-2391e99d1c5d', '','2023-10-16 14:55:18',0, 0,0,0,19.0000,1,501,'2023-10-16 14:55:18'),
                            (45,'Girl 13', '','https://firebasestorage.googleapis.com/v0/b/vtube-15.appspot.com/o/shorts%2Fgirl16.mp4?alt=media&token=8cf23f6a-a8a0-422c-908e-61abe0dc2588', '','2023-10-16 14:55:18',0, 0,0,0,19.0000,1,501,'2023-10-16 14:55:18'),
                            (46,'World Cup 2023','', 'https://firebasestorage.googleapis.com/v0/b/vtube-15.appspot.com/o/shorts%2Fworldcup23.mp4?alt=media&token=69a68f41-cadc-429b-ba3b-a430c287ac6c','','2023-10-16 14:55:18',0, 0,0,0,19.0000,1,501,'2023-10-16 14:55:18'),
                            (47,'girl 15', '','https://firebasestorage.googleapis.com/v0/b/vtube-15.appspot.com/o/shorts%2Fgirl15.mp4?alt=media&token=60a7e0a7-ca3d-4736-b715-28868c9a636b','', '2023-10-16 14:55:18',0, 0,0,0,19.0000,1,501,'2023-10-16 14:55:18'),
                            (48,'Zoro meteorite cutting','', 'https://firebasestorage.googleapis.com/v0/b/vtube-15.appspot.com/o/shorts%2Fzoro.mp4?alt=media&token=7c96b2d2-f490-4987-a609-b4ade9816bfa', '','2023-10-16 14:55:18',0, 0,0,0,19.0000,1,501,'2023-10-16 14:55:18'),
                            (49,'girl 16','', 'https://firebasestorage.googleapis.com/v0/b/vtube-15.appspot.com/o/shorts%2Fgirl13.mp4?alt=media&token=fde4965a-5f91-4e02-99a4-c41fbc7a7a58','', '2023-10-16 14:55:18',0, 0,0,0,19.0000,1,501,'2023-10-16 14:55:18'),
                            (50,'Meo cant run', '','https://firebasestorage.googleapis.com/v0/b/vtube-15.appspot.com/o/shorts%2FMeo-cant-run.mp4?alt=media&token=1f2b1181-cad7-4f5d-b1c6-e2b40ebb53e1', '','2023-10-16 14:55:18',0, 0,0,0,19.0000,1,501,'2023-10-16 14:55:18'),
                            (51,'girl 17','', 'https://firebasestorage.googleapis.com/v0/b/vtube-15.appspot.com/o/shorts%2Fgirl18.mp4?alt=media&token=a009f930-3c6a-4502-be7c-cb02eae0a24b', '','2023-10-16 14:55:18',0, 0,0,0,19.0000,1,501,'2023-10-16 14:55:18'),
                            (52,'mystic tool #66','', 'https://firebasestorage.googleapis.com/v0/b/vtube-15.appspot.com/o/shorts%2Fmystic-tool-66.mp4?alt=media&token=ad962034-e08a-41f4-a8cb-7f0180aa309c', '','2023-10-16 14:55:18',0, 0,0,0,19.0000,1,501,'2023-10-16 14:55:18'),
                            (53,'girl 18','', 'https://firebasestorage.googleapis.com/v0/b/vtube-15.appspot.com/o/shorts%2Fgirl19.mp4?alt=media&token=f63904ce-16b8-4eff-afbc-3f2e81ceb152','', '2023-10-16 14:55:18',0, 0,0,0,19.0000,1,501,'2023-10-16 14:55:18'),
                            (54,'sidebar hover effect', '','https://firebasestorage.googleapis.com/v0/b/vtube-15.appspot.com/o/shorts%2Fsidebar-hover-effect.mp4?alt=media&token=b545b027-cf6b-4131-bcae-f712a0af8db7', '','2023-10-16 14:55:18',0, 0,0,0,19.0000,1,501,'2023-10-16 14:55:18'),
                            (55,'girl 19', '','https://firebasestorage.googleapis.com/v0/b/vtube-15.appspot.com/o/shorts%2Fgirl20.mp4?alt=media&token=2c3d001a-bd5c-4b85-b77d-8b5bd328ff73', '','2023-10-16 14:55:18',0, 0,0,0,19.0000,1,501,'2023-10-16 14:55:18'),
                            (56,'sidebar menu', '','https://firebasestorage.googleapis.com/v0/b/vtube-15.appspot.com/o/shorts%2Fsidebar-menu.mp4?alt=media&token=6cdb51e9-e01d-4b72-b710-cd8004d7ba8c', '','2023-10-16 14:55:18',0, 0,0,0,19.0000,1,501,'2023-10-16 14:55:18'),
                            (57,'girl 20', '','https://firebasestorage.googleapis.com/v0/b/vtube-15.appspot.com/o/shorts%2Fgirl21.mp4?alt=media&token=3442e15a-f35b-4515-a8fc-312fe0c73935', '','2023-10-16 14:55:18',0, 0,0,0,19.0000,1,501,'2023-10-16 14:55:18'),
                            (58,'girl 21','', 'https://firebasestorage.googleapis.com/v0/b/vtube-15.appspot.com/o/shorts%2Fgirl22.mp4?alt=media&token=5aab41ce-f3c2-4e98-b5fe-1504f810c714','', '2023-10-16 14:55:18',0, 0,0,0,19.0000,1,501,'2023-10-16 14:55:18'),
                            (59,'girl 22', '','https://firebasestorage.googleapis.com/v0/b/vtube-15.appspot.com/o/shorts%2Fgirl23.mp4?alt=media&token=a251bad5-dec4-46c3-8df7-2b501bed633c', '','2023-10-16 14:55:18',0, 0,0,0,19.0000,1,501,'2023-10-16 14:55:18'),
                            (60,'girl 23','', 'https://firebasestorage.googleapis.com/v0/b/vtube-15.appspot.com/o/shorts%2Fgirl24.mp4?alt=media&token=e1dd1567-67c6-4eda-ab5f-17acd10fc9a8', '','2023-10-16 14:55:18',0, 0,0,0,19.0000,1,501,'2023-10-16 14:55:18');
INSERT INTO `tag`(`name`) VALUES ('#tiktok'),
                                 ('#tiktokvn'),
                                 ('#tiktokvietnam'),
                                 ('#tiktoktrend'),
                                 ('#tiktokdance'),
                                 ('#nhaytiktok'),
                                 ('#tiktoknhaytrend'),
                                 ('#tonghoptiktok'),
                                 ('#nhacdancetiktok'),
                                 ('#xuhuongtiktok'),
                                 ('#top30bainhacdancetiktok'),
                                 ('#toptrendtiktok'),
                                 ('#top40bainhacdancetiktok'),
                                 ('#bechow170'),
                                 ('#gaixinh838'),
                                 ('#DHOfficial'),
                                 ('#tieuhy'),
                                 ('#lebon');


INSERT INTO `video_tag`(video_id,tag_id) VALUES (1,1),
                                                (1,2),
                                                (1,3),
                                                (1,4),
                                                (1,5),
                                                (1,6),
                                                (1,7),
                                                (1,8),
                                                (1,9),
                                                (1,10),
                                                (1,11),
                                                (1,12),
                                                (1,13),
                                                (2,1),
                                                (2,2),
                                                (2,3),
                                                (2,4),
                                                (2,5),
                                                (2,6),
                                                (2,7),
                                                (2,8),
                                                (2,14),
                                                (2,9),
                                                (2,10),
                                                (2,11),
                                                (2,12),
                                                (2,13),
                                                (3,1),
                                                (3,2),
                                                (3,3),
                                                (3,4),
                                                (3,5),
                                                (3,6),
                                                (3,7),
                                                (3,8),
                                                (3,15),
                                                (3,9),
                                                (3,10),
                                                (3,11),
                                                (3,12),
                                                (3,13),
                                                (4,1),
                                                (4,2),
                                                (4,3),
                                                (4,4),
                                                (4,5),
                                                (4,6),
                                                (4,7),
                                                (4,8),
                                                (4,16),
                                                (4,9),
                                                (4,10),
                                                (4,11),
                                                (4,12),
                                                (4,13),
                                                (6,17),
                                                (7,18);