
INSERT INTO `video` VALUES (1,'Thỏ baybe nhảy vô tri',' Chúc các bạn xem video vui vẻ nếu thấy video hay thì cho mình 1 like và 1 subcribe nhé để mình có động lực ra nhiều video hay hơn !\n\n \n \n \n \n \n \n \n \n\nTừ khóa : tik tok,tik tok nhảy,nhảy tik tok,tik tok nhảy trend,tik tok nhay,nhay tik tok,tik tok nhay trend,trend tik tok,trend tik tok mới nhất,tik tok 2023,tổng hợp tik tok tháng\n\n\n? Chủ Đề Trên Kênh :\n- Tổng hợp nhạc hot trend tik tok tháng\n- Tổng hợp các điệu nhảy viral\n- Tổng hợp một số trend tik tok đang hot\n\n\n\n\n\n','https://firebasestorage.googleapis.com/v0/b/vtube-15.appspot.com/o/videos%2FDownload.mp46f0f1b04-1ead-45f8-857a-010e85e2674f?alt=media&token=f1110af1-221a-4c66-9ea9-77b479a94f30','https://firebasestorage.googleapis.com/v0/b/vtube-15.appspot.com/o/images%2Fgai-xinh-3.jpg48d87fa6-58c6-4054-a654-82b3be9cdc01?alt=media&token=a2fb46cc-d673-4f43-bc6c-1320c361a236','2023-10-05 20:07:51',0,122,0,0,1,'2023-10-06 03:07:51'),
                           (2,'Bechow que',' Chúc các bạn xem video vui vẻ nếu thấy video hay thì cho mình 1 like và 1 subcribe nhé để mình có động lực ra nhiều video hay hơn !\n\n \n \n \n \n \n \n \n \n\nTừ khóa : tik tok,tik tok nhảy,nhảy tik tok,tik tok nhảy trend,tik tok nhay,nhay tik tok,tik tok nhay trend,trend tik tok,trend tik tok mới nhất,tik tok 2023,tổng hợp tik tok tháng\n\n\n\n? Chủ Đề Trên Kênh :\n- Tổng hợp nhạc hot trend tik tok tháng\n- Tổng hợp các điệu nhảy viral\n- Tổng hợp một số trend tik tok đang hot\n\n\n\n\n\n','https://firebasestorage.googleapis.com/v0/b/vtube-15.appspot.com/o/videos%2FDownload%20(1).mp46676c538-d91d-4f01-a128-365794a57c2f?alt=media&token=8d0ce914-b71b-478e-8f90-134b91f2e476','https://firebasestorage.googleapis.com/v0/b/vtube-15.appspot.com/o/images%2Fgai-xinh-2.jpge94a88c2-180d-445d-9c98-f4bfe49795e0?alt=media&token=25547180-3b3b-4c3b-9272-aa49a7478129','2023-10-05 20:09:28',0,242,0,0,1,'2023-10-06 03:09:28'),
                           (3,'gaixinh 8386',' Chúc các bạn xem video vui vẻ nếu thấy video hay thì cho mình 1 like và 1 subcribe nhé để mình có động lực ra nhiều video hay hơn !\n\n \n \n \n \n \n \n \n \n\nTừ khóa : tik tok,tik tok nhảy,nhảy tik tok,tik tok nhảy trend,tik tok nhay,nhay tik tok,tik tok nhay trend,trend tik tok,trend tik tok mới nhất,tik tok 2023,tổng hợp tik tok tháng\n\n\n\n? Chủ Đề Trên Kênh :\n- Tổng hợp nhạc hot trend tik tok tháng\n- Tổng hợp các điệu nhảy viral\n- Tổng hợp một số trend tik tok đang hot\n\n\n\n\n\n','https://firebasestorage.googleapis.com/v0/b/vtube-15.appspot.com/o/videos%2FDownload%20(2).mp4557fbb1a-1465-4471-affa-61a1977738c0?alt=media&token=4d8fd09c-c94f-4fd1-81fa-215736a8214b','https://firebasestorage.googleapis.com/v0/b/vtube-15.appspot.com/o/images%2Fgai-xinh-1.jpg936d0984-f712-47c3-a2d9-3ebb48b55b36?alt=media&token=1fd92696-c617-49d1-8281-e886c2087bf0','2023-10-05 20:11:39',0,3321,0,0,1,'2023-10-06 03:11:39'),
                           (4,'Haianhcute06_08 bơi',' Chúc các bạn xem video vui vẻ nếu thấy video hay thì cho mình 1 like và 1 subcribe nhé để mình có động lực ra nhiều video hay hơn !\n\n \n \n \n \n \n \n \n \n\nTừ khóa : tik tok,tik tok nhảy,nhảy tik tok,tik tok nhảy trend,tik tok nhay,nhay tik tok,tik tok nhay trend,trend tik tok,trend tik tok mới nhất,tik tok 2023,tổng hợp tik tok tháng\n\n\n\n? Chủ Đề Trên Kênh :\n- Tổng hợp nhạc hot trend tik tok tháng\n- Tổng hợp các điệu nhảy viral\n- Tổng hợp một số trend tik tok đang hot\n\n\n\n\n\n','https://firebasestorage.googleapis.com/v0/b/vtube-15.appspot.com/o/videos%2FDownload%20(3).mp4e09446ae-8b40-47ca-987f-beeb3113d603?alt=media&token=725f3a6a-a508-4900-bfae-4650be905ea9','https://firebasestorage.googleapis.com/v0/b/vtube-15.appspot.com/o/images%2Fhaianh.jpge3e001a6-8ab4-4472-bcf7-3ff6d448ab5f?alt=media&token=87692b5e-767b-4cf2-9f2d-da85cd8e47cd','2023-10-05 20:13:56',0,15254,0,0,1,'2023-10-06 03:13:56'),
                           (5,'Tiểu hý hot tiktok','\nTiểu Hý là 1 hiện tượng mạng xã hội, một hot TikToker chỉ sau một đêm đăng clip nhún nhảy tưng bừng cùng biểu cảm hết sức tự nhiên mà trở nên nổi tiếng. Cô nàng còn được nhiều người gọi là \"vợ quốc dân\" bởi ngoại hình xinh xắn, dễ thương.','https://firebasestorage.googleapis.com/v0/b/vtube-15.appspot.com/o/videos%2FDownload%20(6).mp483b2109f-0b79-4df0-97a0-55e4b9dfa404?alt=media&token=c4778816-7d89-4dc7-a1e0-6976b4cfb975','https://firebasestorage.googleapis.com/v0/b/vtube-15.appspot.com/o/images%2Ftieu-hy.jpg0e4703e9-8933-4a43-b500-9f42256c7062?alt=media&token=ae3066e4-b908-4d85-a906-84a73f25d331','2023-10-05 20:23:57',0,12355,0,0,1,'2023-10-06 03:23:57'),
                           (6,'Le Bống nhày bên bờ hồ :v','Tiểu Hý là 1 hiện tượng mạng xã hội, một hot TikToker chỉ sau một đêm đăng clip nhún nhảy tưng bừng cùng biểu cảm hết sức tự nhiên mà trở nên nổi tiếng. Cô nàng còn được nhiều người gọi là \"vợ quốc dân\" bởi ngoại hình xinh xắn, dễ thương.\n','https://firebasestorage.googleapis.com/v0/b/vtube-15.appspot.com/o/videos%2FDownload%20(7).mp424d918e8-9c53-483a-a03d-bce18d168771?alt=media&token=c2e8ff20-0fe3-4021-9682-848c14661b89','https://firebasestorage.googleapis.com/v0/b/vtube-15.appspot.com/o/images%2Fle-bong-2.jpgc3c2a46d-5fd3-492a-ba51-38da7c8f3b62?alt=media&token=10123757-1c89-4f49-95a2-996514d4b33b','2023-10-05 20:25:24',0,4545,0,0,1,'2023-10-06 03:25:24'),
                           (7,'Độ mixi','Xả stress','https://firebasestorage.googleapis.com/v0/b/vtube-15.appspot.com/o/videos%2Fvideo1.mp47c2e1077-631e-4aca-8071-fb7266b9fdae?alt=media&token=03ad7f50-4ec5-4313-9d1c-db356d6f88a0','https://kenh14cdn.com/thumb_w/660/203336854389633024/2023/5/7/3458456202146140746309744277482180723461574n-16834412492221080973996.jpg','2023-10-12 04:19:25',0,12,0,0,1,'2023-10-12 05:25:24'),
                           (8,'tien kara','Nhằm mục đích xả stress sau giờ học, chúng tôi xin cung cấp những tài liệu bổ ích nhằm tăng vitamin cười','https://firebasestorage.googleapis.com/v0/b/vtube-15.appspot.com/o/videos%2FIMG_2643.MOVf22367a3-5aa3-4ca4-b35a-3b802edbb8e5?alt=media&token=63bad502-6731-44f8-9905-20004086dc62','https://firebasestorage.googleapis.com/v0/b/vtube-15.appspot.com/o/images%2FIMG_2637.jpg5b65a759-ba2b-41f9-bdaa-153d77687a7b?alt=media&token=3c02914d-0b73-413e-b979-3323a40f42e8','2023-10-12 20:25:24',0,30,1,2,1,'2023-10-12 21:25:24');

INSERT INTO `tag`(`name`) VALUES ('#tiktok'),
                                 ('#tiktokvn'),
                                 ('#tiktokvietnam'),
                                 ('#tiktoktrend'),
                                 ('#tiktokdance'),
                                 ('#nhaytiktok'),
                                 ('#tiktoknhaytrend'),
                                 ('#tonghoptiktok'),
                                 ('#nhacdancetiktok'),
                                 ('#xuhuongtiktok'),
                                 ('#top30bainhacdancetiktok'),
                                 ('#toptrendtiktok'),
                                 ('#top40bainhacdancetiktok'),
                                 ('#bechow170'),
                                 ('#gaixinh838'),
                                 ('#DHOfficial'),
                                 ('#tieuhy'),
                                 ('#lebon');


INSERT INTO `video_tag`(video_id,tag_id) VALUES (1,1),
                                                (1,2),
                                                (1,3),
                                                (1,4),
                                                (1,5),
                                                (1,6),
                                                (1,7),
                                                (1,8),
                                                (1,9),
                                                (1,10),
                                                (1,11),
                                                (1,12),
                                                (1,13),
                                                (2,1),
                                                (2,2),
                                                (2,3),
                                                (2,4),
                                                (2,5),
                                                (2,6),
                                                (2,7),
                                                (2,8),
                                                (2,14),
                                                (2,9),
                                                (2,10),
                                                (2,11),
                                                (2,12),
                                                (2,13),
                                                (3,1),
                                                (3,2),
                                                (3,3),
                                                (3,4),
                                                (3,5),
                                                (3,6),
                                                (3,7),
                                                (3,8),
                                                (3,15),
                                                (3,9),
                                                (3,10),
                                                (3,11),
                                                (3,12),
                                                (3,13),
                                                (4,1),
                                                (4,2),
                                                (4,3),
                                                (4,4),
                                                (4,5),
                                                (4,6),
                                                (4,7),
                                                (4,8),
                                                (4,16),
                                                (4,9),
                                                (4,10),
                                                (4,11),
                                                (4,12),
                                                (4,13),
                                                (6,17),
                                                (7,18);