INSERT INTO `video` VALUES (1,'Thỏ baybe nhảy vô tri',' Chúc các bạn xem video vui vẻ nếu thấy video hay thì cho mình 1 like và 1 subcribe nhé để mình có động lực ra nhiều video hay hơn !\n\n \n \n \n \n \n \n \n \n\nTừ khóa : tik tok,tik tok nhảy,nhảy tik tok,tik tok nhảy trend,tik tok nhay,nhay tik tok,tik tok nhay trend,trend tik tok,trend tik tok mới nhất,tik tok 2023,tổng hợp tik tok tháng\n\n\n? Chủ Đề Trên Kênh :\n- Tổng hợp nhạc hot trend tik tok tháng\n- Tổng hợp các điệu nhảy viral\n- Tổng hợp một số trend tik tok đang hot\n\n\n\n\n\n','https://firebasestorage.googleapis.com/v0/b/vtube-15.appspot.com/o/videos%2FDownload.mp46f0f1b04-1ead-45f8-857a-010e85e2674f?alt=media&token=f1110af1-221a-4c66-9ea9-77b479a94f30','https://firebasestorage.googleapis.com/v0/b/vtube-15.appspot.com/o/images%2Fgai-xinh-3.jpg48d87fa6-58c6-4054-a654-82b3be9cdc01?alt=media&token=a2fb46cc-d673-4f43-bc6c-1320c361a236','2023-10-05 20:07:51',0,122,0,0,'19.0000',0,1,'2023-10-06 03:07:51'),
                           (2,'Bechow que',' Chúc các bạn xem video vui vẻ nếu thấy video hay thì cho mình 1 like và 1 subcribe nhé để mình có động lực ra nhiều video hay hơn !\n\n \n \n \n \n \n \n \n \n\nTừ khóa : tik tok,tik tok nhảy,nhảy tik tok,tik tok nhảy trend,tik tok nhay,nhay tik tok,tik tok nhay trend,trend tik tok,trend tik tok mới nhất,tik tok 2023,tổng hợp tik tok tháng\n\n\n\n? Chủ Đề Trên Kênh :\n- Tổng hợp nhạc hot trend tik tok tháng\n- Tổng hợp các điệu nhảy viral\n- Tổng hợp một số trend tik tok đang hot\n\n\n\n\n\n','https://firebasestorage.googleapis.com/v0/b/vtube-15.appspot.com/o/videos%2FDownload%20(1).mp46676c538-d91d-4f01-a128-365794a57c2f?alt=media&token=8d0ce914-b71b-478e-8f90-134b91f2e476','https://firebasestorage.googleapis.com/v0/b/vtube-15.appspot.com/o/images%2Fgai-xinh-2.jpge94a88c2-180d-445d-9c98-f4bfe49795e0?alt=media&token=25547180-3b3b-4c3b-9272-aa49a7478129','2023-10-05 20:09:28',0,242,0,0,'19.0000',0,1,'2023-10-06 03:09:28'),
                           (3,'gaixinh 8386',' Chúc các bạn xem video vui vẻ nếu thấy video hay thì cho mình 1 like và 1 subcribe nhé để mình có động lực ra nhiều video hay hơn !\n\n \n \n \n \n \n \n \n \n\nTừ khóa : tik tok,tik tok nhảy,nhảy tik tok,tik tok nhảy trend,tik tok nhay,nhay tik tok,tik tok nhay trend,trend tik tok,trend tik tok mới nhất,tik tok 2023,tổng hợp tik tok tháng\n\n\n\n? Chủ Đề Trên Kênh :\n- Tổng hợp nhạc hot trend tik tok tháng\n- Tổng hợp các điệu nhảy viral\n- Tổng hợp một số trend tik tok đang hot\n\n\n\n\n\n','https://firebasestorage.googleapis.com/v0/b/vtube-15.appspot.com/o/videos%2FDownload%20(2).mp4557fbb1a-1465-4471-affa-61a1977738c0?alt=media&token=4d8fd09c-c94f-4fd1-81fa-215736a8214b','https://firebasestorage.googleapis.com/v0/b/vtube-15.appspot.com/o/images%2Fgai-xinh-1.jpg936d0984-f712-47c3-a2d9-3ebb48b55b36?alt=media&token=1fd92696-c617-49d1-8281-e886c2087bf0','2023-10-05 20:11:39',0,3321,0,0,'19.0000',0,1,'2023-10-06 03:11:39'),
                           (4,'Haianhcute06_08 bơi',' Chúc các bạn xem video vui vẻ nếu thấy video hay thì cho mình 1 like và 1 subcribe nhé để mình có động lực ra nhiều video hay hơn !\n\n \n \n \n \n \n \n \n \n\nTừ khóa : tik tok,tik tok nhảy,nhảy tik tok,tik tok nhảy trend,tik tok nhay,nhay tik tok,tik tok nhay trend,trend tik tok,trend tik tok mới nhất,tik tok 2023,tổng hợp tik tok tháng\n\n\n\n? Chủ Đề Trên Kênh :\n- Tổng hợp nhạc hot trend tik tok tháng\n- Tổng hợp các điệu nhảy viral\n- Tổng hợp một số trend tik tok đang hot\n\n\n\n\n\n','https://firebasestorage.googleapis.com/v0/b/vtube-15.appspot.com/o/videos%2FDownload%20(3).mp4e09446ae-8b40-47ca-987f-beeb3113d603?alt=media&token=725f3a6a-a508-4900-bfae-4650be905ea9','https://firebasestorage.googleapis.com/v0/b/vtube-15.appspot.com/o/images%2Fhaianh.jpge3e001a6-8ab4-4472-bcf7-3ff6d448ab5f?alt=media&token=87692b5e-767b-4cf2-9f2d-da85cd8e47cd','2023-10-05 20:13:56',0,15254,0,0,'19.0000',0,1,'2023-10-06 03:13:56'),
                           (5,'Tiểu hý hot tiktok','\nTiểu Hý là 1 hiện tượng mạng xã hội, một hot TikToker chỉ sau một đêm đăng clip nhún nhảy tưng bừng cùng biểu cảm hết sức tự nhiên mà trở nên nổi tiếng. Cô nàng còn được nhiều người gọi là \"vợ quốc dân\" bởi ngoại hình xinh xắn, dễ thương.','https://firebasestorage.googleapis.com/v0/b/vtube-15.appspot.com/o/videos%2FDownload%20(6).mp483b2109f-0b79-4df0-97a0-55e4b9dfa404?alt=media&token=c4778816-7d89-4dc7-a1e0-6976b4cfb975','https://firebasestorage.googleapis.com/v0/b/vtube-15.appspot.com/o/images%2Ftieu-hy.jpg0e4703e9-8933-4a43-b500-9f42256c7062?alt=media&token=ae3066e4-b908-4d85-a906-84a73f25d331','2023-10-05 20:23:57',0,12355,0,0,'19.0000',0,1,'2023-10-06 03:23:57'),
                           (6,'Le Bống nhày bên bờ hồ :v','Tiểu Hý là 1 hiện tượng mạng xã hội, một hot TikToker chỉ sau một đêm đăng clip nhún nhảy tưng bừng cùng biểu cảm hết sức tự nhiên mà trở nên nổi tiếng. Cô nàng còn được nhiều người gọi là \"vợ quốc dân\" bởi ngoại hình xinh xắn, dễ thương.\n','https://firebasestorage.googleapis.com/v0/b/vtube-15.appspot.com/o/videos%2FDownload%20(7).mp424d918e8-9c53-483a-a03d-bce18d168771?alt=media&token=c2e8ff20-0fe3-4021-9682-848c14661b89','https://firebasestorage.googleapis.com/v0/b/vtube-15.appspot.com/o/images%2Fle-bong-2.jpgc3c2a46d-5fd3-492a-ba51-38da7c8f3b62?alt=media&token=10123757-1c89-4f49-95a2-996514d4b33b','2023-10-05 20:25:24',0,4545,0,0,'19.0000',0,1,'2023-10-06 03:25:24'),
                           (7,'Độ mixi','Xả stress','https://firebasestorage.googleapis.com/v0/b/vtube-15.appspot.com/o/videos%2Fvideo1.mp47c2e1077-631e-4aca-8071-fb7266b9fdae?alt=media&token=03ad7f50-4ec5-4313-9d1c-db356d6f88a0','https://kenh14cdn.com/thumb_w/660/203336854389633024/2023/5/7/3458456202146140746309744277482180723461574n-16834412492221080973996.jpg','2023-10-12 04:19:25',0,12,0,0,'19.0000',0,1,'2023-10-12 05:25:24'),
                           (8,'tien kara','Nhằm mục đích xả stress sau giờ học, chúng tôi xin cung cấp những tài liệu bổ ích nhằm tăng vitamin cười','https://firebasestorage.googleapis.com/v0/b/vtube-15.appspot.com/o/videos%2FIMG_2643.MOVf22367a3-5aa3-4ca4-b35a-3b802edbb8e5?alt=media&token=63bad502-6731-44f8-9905-20004086dc62','https://firebasestorage.googleapis.com/v0/b/vtube-15.appspot.com/o/images%2FIMG_2637.jpg5b65a759-ba2b-41f9-bdaa-153d77687a7b?alt=media&token=3c02914d-0b73-413e-b979-3323a40f42e8','2023-10-12 20:25:24',0,30,1,2,'19.0000',0,1,'2023-10-12 21:25:24'),
                           (9,'Đã Sai Từ Lúc Đầu - Bố Gấu _ The Masked Singer Vietnam 2023','Em Là Lý Do - Phạm Đình Thái Ngân | The Masked Singer Vietnam 2023 [Audio Lyrics]  ĩMặtNạ   ẢITRÍ   👉 Xem sớm nhất trên ứng dụng VieON: https://click.vieon.vn/wSBG/ytcsmnm2 ★ Mọi nhu cầu quảng cáo và tài trợ xin liên hệ: Công Ty Cổ Phần Vie Channel ► Hotline: 0907.950.371 (Mr. Đức Khoa) ► Email: khoa.nguyen@viechannel.vn hoặc sales@viechannel.vn ','https://firebasestorage.googleapis.com/v0/b/vtube-15.appspot.com/o/videos%2FEm%20L%C3%A0%20L%C3%BD%20Do%20-%20Ph%E1%BA%A1m%20%C4%90%C3%ACnh%20Th%C3%A1i%20Ng%C3%A2n%20_%20The%20Masked%20Singer%20Vietnam%202023%20%5BAudio%20Lyrics%5D.mp43286971a-ec39-415d-92da-33398fa87e0d?alt=media&token=af73839b-d6b0-4bb5-a0ef-b539de3945c7','https://firebasestorage.googleapis.com/v0/b/vtube-15.appspot.com/o/images%2Fimg5.jpg1b052333-0c6c-44a3-9dff-e3d82571f545?alt=media&token=0be59444-6bed-4a64-ab1a-c5fb48ecad34','2023-10-20 16:17:43',0,4512,0,0,'19.0000',0,1,'2023-10-20 16:17:43'),
                           (10,'Rời Bỏ - Voi Bản Đôn _ The Masked Singer Vietnam 2023','Rời Bỏ - Voi Bản Đôn | The Masked Singer Vietnam 2023 [Audio Lyrics]  ĩMặtNạ   ẢITRÍ   👉 Xem sớm nhất trên ứng dụng VieON: https://click.vieon.vn/wSBG/ytcsmnm2 ▶ Tìm nghe các bản audio của Tập 5 The Masked Singer Vietnam - Ca Sĩ Mặt Nạ Mùa 2 tại đây: https://WMVN.lnk.to/TMS2-EP5 ▶ Follow playlist The Masked Singer Vietnam - Ca Sĩ Mặt Nạ Mùa 2 để được cập nhật sớm nhất khi audio được phát hành: https://WMVN.lnk.to/TMSVN-S2','https://firebasestorage.googleapis.com/v0/b/vtube-15.appspot.com/o/videos%2FR%E1%BB%9Di%20B%E1%BB%8F%20-%20Voi%20B%E1%BA%A3n%20%C4%90%C3%B4n%20_%20The%20Masked%20Singer%20Vietnam%202023%20%5BAudio%20Lyrics%5D.mp4879937ce-fe65-4137-923f-b206add202d2?alt=media&token=97c7bf27-4601-4f0b-8e24-4e6c4f7760fa','https://firebasestorage.googleapis.com/v0/b/vtube-15.appspot.com/o/images%2Fimg2.jpg05e3aa9b-ba5c-4984-ac47-1403a1bd1de4?alt=media&token=c353d7ad-5528-4e4d-9b1b-ace6cb1bef0e','2023-10-20 16:23:07',0,3512,0,0,'19.0000',0, 1,'2023-10-20 16:23:07'),
                           (11,'Hoàng Hôn Tháng 8 - Bố Gấu _ The Masked Singer Vietnam 2023','Hoàng Hôn Tháng 8 - Bố Gấu | The Masked Singer Vietnam 2023 [Audio Lyric]  ĩMặtNạ   ẢITRÍ   àngHônTháng8 ốGấu 👉 Xem sớm nhất trên ứng dụng VieON: https://click.vieon.vn/wSBG/ytcsmnm2 ▶ Tìm nghe các bản audio của Tập 9 The Masked Singer Vietnam - Ca Sĩ Mặt Nạ Mùa 2 tại đây: https://WMVN.lnk.to/TMS2-EP9 ▶ Follow playlist The Masked Singer Vietnam - Ca Sĩ Mặt Nạ Mùa 2 để được cập nhật sớm nhất khi audio được phát hành: https://WMVN.lnk.to/TMSVN-S2','https://firebasestorage.googleapis.com/v0/b/vtube-15.appspot.com/o/videos%2FHo%C3%A0ng%20H%C3%B4n%20Th%C3%A1ng%208%20-%20B%E1%BB%91%20G%E1%BA%A5u%20_%20The%20Masked%20Singer%20Vietnam%202023%20%5BAudio%20Lyric%5D.mp4d675464f-87d1-4dae-97fa-97a734c38171?alt=media&token=ebdf44b5-dab1-4e94-854b-cd1e7faf8720','https://firebasestorage.googleapis.com/v0/b/vtube-15.appspot.com/o/images%2Fimg3.jpg23754163-f135-4bbe-aa4a-e1df70e4fdf2?alt=media&token=b25261fa-223d-491f-a598-bd02253e33fc','2023-10-20 17:30:19',0,2212,0,0,'19.0000',0,1,'2023-10-20 17:30:19'),
                           (12,'Đoạn Kết Mới - Thỏ Xỏ Khuyên aka Hoàng Dũng _ The Masked Singer Vietnam 2023','Đoạn Kết Mới - Thỏ Xỏ Khuyên aka Hoàng Dũng | The Masked Singer Vietnam 2023 [Audio Lyric]  ĩMặtNạ   ẢITRÍ   #ĐoạnKếtMới àngDũng 👉 Xem sớm nhất trên ứng dụng VieON: https://click.vieon.vn/wSBG/ytcsmnm2 ▶ Tìm nghe các bản audio của Tập 8 The Masked Singer Vietnam - Ca Sĩ Mặt Nạ Mùa 2 tại đây: https://WMVN.lnk.to/TMS2-EP8 ▶ Follow playlist The Masked Singer Vietnam - Ca Sĩ Mặt Nạ Mùa 2 để được cập nhật sớm nhất khi audio được phát hành: https://WMVN.lnk.to/TMSVN-S2','https://firebasestorage.googleapis.com/v0/b/vtube-15.appspot.com/o/videos%2F%C4%90o%E1%BA%A1n%20K%E1%BA%BFt%20M%E1%BB%9Bi%20-%20Th%E1%BB%8F%20X%E1%BB%8F%20Khuy%C3%AAn%20aka%20Ho%C3%A0ng%20D%C5%A9ng%20_%20The%20Masked%20Singer%20Vietnam%202023%20%5BAudio%20Lyric%5D.mp4dfe40d2d-8f98-4778-b9b4-01771d1298e9?alt=media&token=4ccdf500-b659-46ec-b2b4-fda5af1a319a','https://firebasestorage.googleapis.com/v0/b/vtube-15.appspot.com/o/images%2Fimg4.jpgdf6acd29-2c02-43a9-9ef1-225b771fcc9b?alt=media&token=6559490f-8c51-40ea-b5b7-bab26ae72a4e','2023-10-22 15:48:09',0,2512,0,0,'19.0000',0,1,'2023-10-22 15:48:09'),
                           (13,'Em Là Lý Do - Phạm Đình Thái Ngân _ The Masked Singer Vietnam 2023','Em Là Lý Do - Phạm Đình Thái Ngân | The Masked Singer Vietnam 2023 [Audio Lyrics]  ĩMặtNạ   ẢITRÍ   👉 Xem sớm nhất trên ứng dụng VieON: https://click.vieon.vn/wSBG/ytcsmnm2 ★ Mọi nhu cầu quảng cáo và tài trợ xin liên hệ: Công Ty Cổ Phần Vie Channel ► Hotline: 0907.950.371 (Mr. Đức Khoa) ► Email: khoa.nguyen@viechannel.vn hoặc sales@viechannel.vn','https://firebasestorage.googleapis.com/v0/b/vtube-15.appspot.com/o/videos%2FEm%20L%C3%A0%20L%C3%BD%20Do%20-%20Ph%E1%BA%A1m%20%C4%90%C3%ACnh%20Th%C3%A1i%20Ng%C3%A2n%20_%20The%20Masked%20Singer%20Vietnam%202023%20%5BAudio%20Lyrics%5D.mp43286971a-ec39-415d-92da-33398fa87e0d?alt=media&token=af73839b-d6b0-4bb5-a0ef-b539de3945c7','https://firebasestorage.googleapis.com/v0/b/vtube-15.appspot.com/o/images%2Fimg5.jpg1b052333-0c6c-44a3-9dff-e3d82571f545?alt=media&token=0be59444-6bed-4a64-ab1a-c5fb48ecad34','2023-10-22 15:49:59',0,6612,0,0,'19.0000',0,1,'2023-10-22 15:49:59'),
                           (14,'Những Kẻ Mộng Mơ - HippoHappy vs Sứa Thủy Tinh _ The Masked Singer Vietnam 2023','Những Kẻ Mộng Mơ - HippoHappy vs Sứa Thủy Tinh | The Masked Singer Vietnam 2023 [Audio Lyric]  ĩMặtNạ  ẢITRÍ   ữngKẻMộngMơ  ứaThủyTinh   👉 Xem sớm nhất trên ứng dụng VieON: https://click.vieon.vn/wSBG/ytcsmnm2 ▶ Tìm nghe các bản audio của Tập 10 The Masked Singer Vietnam - Ca Sĩ Mặt Nạ Mùa 2 tại đây: https://WMVN.lnk.to/TMS2-EP10 ▶ Follow playlist The Masked Singer Vietnam - Ca Sĩ Mặt Nạ Mùa 2 để được cập nhật sớm nhất khi audio được phát hành: https://WMVN.lnk.to/TMSVN-S2','https://firebasestorage.googleapis.com/v0/b/vtube-15.appspot.com/o/videos%2FNh%E1%BB%AFng%20K%E1%BA%BB%20M%E1%BB%99ng%20M%C6%A1%20-%20HippoHappy%20vs%20S%E1%BB%A9a%20Th%E1%BB%A7y%20Tinh%20_%20The%20Masked%20Singer%20Vietnam%202023%20%5BAudio%20Lyric%5D.mp4296eae7c-4192-47c6-9596-f3a3dd3d8e1f?alt=media&token=7e3b3733-87ba-437a-a5c6-33373920f450','https://firebasestorage.googleapis.com/v0/b/vtube-15.appspot.com/o/images%2Fimg6.jpgc971e02f-83cf-4744-9ca1-a89b57672bda?alt=media&token=9f53c35d-8126-4e3e-aaee-7755f900075d','2023-10-22 15:52:42',0,5712,0,0,'19.0000',0,1,'2023-10-22 15:52:42'),
                           (15,'My Everything - Voi Bản Đôn ft OgeNus _ The Masked Singer Vietnam 2023','My Everything - Voi Bản Đôn ft OgeNus | The Masked Singer Vietnam 2023 [Audio Lyric]  ĩMặtNạ  ẢITRÍ    ảnĐôn   👉 Xem sớm nhất trên ứng dụng VieON: https://click.vieon.vn/wSBG/ytcsmnm2 ▶ Tìm nghe các bản audio của Tập 10 The Masked Singer Vietnam - Ca Sĩ Mặt Nạ Mùa 2 tại đây: https://WMVN.lnk.to/TMS2-EP10 ▶ Follow playlist The Masked Singer Vietnam - Ca Sĩ Mặt Nạ Mùa 2 để được cập nhật sớm nhất khi audio được phát hành: https://WMVN.lnk.to/TMSVN-S2','https://firebasestorage.googleapis.com/v0/b/vtube-15.appspot.com/o/videos%2FMy%20Everything%20-%20Voi%20B%E1%BA%A3n%20%C4%90%C3%B4n%20ft%20OgeNus%20_%20The%20Masked%20Singer%20Vietnam%202023%20%5BAudio%20Lyric%5D.mp4c5db1032-66fd-4957-95cd-7633c1fe3df5?alt=media&token=45a5164e-9b50-4992-a099-e0bcc6030936','https://firebasestorage.googleapis.com/v0/b/vtube-15.appspot.com/o/images%2Fimg7.jpg29d26217-8329-4ec2-9895-298c357eb2e3?alt=media&token=e88a8743-de36-4253-89e2-68c940a549c9','2023-10-22 15:55:15',0,12,0,0,'19.0000',0,1,'2023-10-22 15:55:15 '),
                           (16,'Người Con Gái Ta Thương - Thỏ Xỏ Khuyên _ The Masked Singer Vietnam 2023','Người Con Gái Ta Thương - Thỏ Xỏ Khuyên | The Masked Singer Vietnam 2023 [Audio Lyrics]  ĩMặtNạ   ẢITRÍ   àngDũng ườiConGáiTaThương 👉 Xem sớm nhất trên ứng dụng VieON: https://click.vieon.vn/wSBG/ytcsmnm2 ▶ Tìm nghe các bản audio của Tập 8 The Masked Singer Vietnam - Ca Sĩ Mặt Nạ Mùa 2 tại đây: https://WMVN.lnk.to/TMS2-EP8 ▶ Follow playlist The Masked Singer Vietnam - Ca Sĩ Mặt Nạ Mùa 2 để được cập nhật sớm nhất khi audio được phát hành: https://WMVN.lnk.to/TMSVN-S2','https://firebasestorage.googleapis.com/v0/b/vtube-15.appspot.com/o/videos%2FNg%C6%B0%E1%BB%9Di%20Con%20G%C3%A1i%20Ta%20Th%C6%B0%C6%A1ng%20-%20Th%E1%BB%8F%20X%E1%BB%8F%20Khuy%C3%AAn%20_%20The%20Masked%20Singer%20Vietnam%202023%20%5BAudio%20Lyrics%5D.mp45acb9fc6-8fab-4603-8aae-99f83b703fae?alt=media&token=c2a36890-80d1-4b4a-9d65-9a10ba7d9984','https://firebasestorage.googleapis.com/v0/b/vtube-15.appspot.com/o/images%2Fimg8.jpgb22c6dfb-c090-4f8c-bd57-73bd64831864?alt=media&token=e2c61d06-077a-4f4f-a789-98f3c1ff0053','2023-10-22 15:57:11',0,3545,0,0,'19.0000',0,1,'2023-10-22 15:57:11'),
                           (17,'Dậy Đi - Richie D. ICY - Team Andree Right Hand _ Rap Việt 2023','Rap Việt được mua bản quyền từ chương trình đình đám tại Thái Lan – The Rapper, đây là format từng đạt nhiều giải thưởng vang dội như Giải thưởng truyền hình châu Á lần thứ 23 – 2018 với hạng mục Chương trình giải trí tổng hợp hay nhất, Giải thưởng sáng tạo của Viện hàn lâm châu Á 2019, Giải thưởng Zocial Awards Thái Lan 2019 - Giải thưởng giải trí hay nhất trên mạng xã hội. Rap Việt Mùa 3 đang phát sóng, những thí sinh xuất sắc được tuyển chọn khắp Việt Nam sẽ quy tụ tại sân khấu Rap Việt Mùa 3 để tranh tài nhằm tìm ra người nắm giữ ngôi vị cao nhất mùa thứ 3.','https://firebasestorage.googleapis.com/v0/b/vtube-15.appspot.com/o/videos%2FD%E1%BA%ADy%20%C4%90i%20-%20Richie%20D.%20ICY%20-%20Team%20Andree%20Right%20Hand%20_%20Rap%20Vi%E1%BB%87t%202023%20%5BMV%20Lyrics%5D.mp44cb8af68-b530-40e5-a48a-16ca4fabcb7d?alt=media&token=e3b46f0e-4361-417b-916f-9c7abd736891','https://firebasestorage.googleapis.com/v0/b/vtube-15.appspot.com/o/images%2Fimg9.jpg69974983-8e84-44ea-8a3b-abff803d1ca3?alt=media&token=b14e165c-db46-494d-ba6c-9e4bf7bec51a','2023-10-22 15:59:43',0,8512,0,0,'19.0000',0,1,'2023-10-22 15:59:43'),
                           (18,'Từ A đến Z - 24k.Right - Team B Ray _ Rap Việt 2023','Rap Việt được mua bản quyền từ chương trình đình đám tại Thái Lan – The Rapper, đây là format từng đạt nhiều giải thưởng vang dội như Giải thưởng truyền hình châu Á lần thứ 23 – 2018 với hạng mục Chương trình giải trí tổng hợp hay nhất, Giải thưởng sáng tạo của Viện hàn lâm châu Á 2019, Giải thưởng Zocial Awards Thái Lan 2019 - Giải thưởng giải trí hay nhất trên mạng xã hội. Rap Việt Mùa 3 đang phát sóng, những thí sinh xuất sắc được tuyển chọn khắp Việt Nam sẽ quy tụ tại sân khấu Rap Việt Mùa 3 để tranh tài nhằm tìm ra người nắm giữ ngôi vị cao nhất mùa thứ 3.','https://firebasestorage.googleapis.com/v0/b/vtube-15.appspot.com/o/videos%2FT%E1%BB%AB%20A%20%C4%91%E1%BA%BFn%20Z%20-%2024k.Right%20-%20Team%20B%20Ray%20_%20Rap%20Vi%E1%BB%87t%202023%20%5BMV%20Lyrics%5D.mp426e8d219-1928-4679-b663-5a176c3632ed?alt=media&token=c7e7962f-917b-4e12-8b1d-f60f2a7b513f','https://firebasestorage.googleapis.com/v0/b/vtube-15.appspot.com/o/images%2Fimg10.jpg748c0d09-eb39-4525-addd-2a87a576ce8e?alt=media&token=97ccb970-e44b-47d5-b92e-07a25e7f5ee9','2023-10-22 16:03:19',0,2512,0,0,'19.0000',0,1,'2023-10-22 16:03:19'),
                           (19,'Sống Cho Hết Đời Thanh Xuân 4 - Huỳnh Công Hiếu - Team B Ray _ Rap Việt 2023','Rap Việt được mua bản quyền từ chương trình đình đám tại Thái Lan – The Rapper, đây là format từng đạt nhiều giải thưởng vang dội như Giải thưởng truyền hình châu Á lần thứ 23 – 2018 với hạng mục Chương trình giải trí tổng hợp hay nhất, Giải thưởng sáng tạo của Viện hàn lâm châu Á 2019, Giải thưởng Zocial Awards Thái Lan 2019 - Giải thưởng giải trí hay nhất trên mạng xã hội. Rap Việt Mùa 3 đang phát sóng, những thí sinh xuất sắc được tuyển chọn khắp Việt Nam sẽ quy tụ tại sân khấu Rap Việt Mùa 3 để tranh tài nhằm tìm ra người nắm giữ ngôi vị cao nhất mùa thứ 3.','https://firebasestorage.googleapis.com/v0/b/vtube-15.appspot.com/o/videos%2FS%E1%BB%91ng%20Cho%20H%E1%BA%BFt%20%C4%90%E1%BB%9Di%20Thanh%20Xu%C3%A2n%204%20-%20Hu%E1%BB%B3nh%20C%C3%B4ng%20Hi%E1%BA%BFu%20-%20Team%20B%20Ray%20_%20Rap%20Vi%E1%BB%87t%202023%20%5BMV%20Lyrics%5D.mp46606057f-aa15-4664-a4f5-5b4b364f00b0?alt=media&token=72fe7a3d-4352-4756-a6cc-bc83daeaaddf','https://firebasestorage.googleapis.com/v0/b/vtube-15.appspot.com/o/images%2Fimg11.jpg90932d90-9b22-4fc7-b46a-e43c6c1d29e2?alt=media&token=ab398c14-f904-4774-a2e0-523bf991a38c','2023-10-22 16:05:47',0,1852,0,0,'19.0000',0,1,'2023-10-22 16:05:47'),
                           (20,'Một Công Đôi Việc - HURRYKNG ft. HIEUTHUHAI - Team BigDaddy _ Rap Việt 2023','Rap Việt được mua bản quyền từ chương trình đình đám tại Thái Lan – The Rapper, đây là format từng đạt nhiều giải thưởng vang dội như Giải thưởng truyền hình châu Á lần thứ 23 – 2018 với hạng mục Chương trình giải trí tổng hợp hay nhất, Giải thưởng sáng tạo của Viện hàn lâm châu Á 2019, Giải thưởng Zocial Awards Thái Lan 2019 - Giải thưởng giải trí hay nhất trên mạng xã hội. Rap Việt Mùa 3 đang phát sóng, những thí sinh xuất sắc được tuyển chọn khắp Việt Nam sẽ quy tụ tại sân khấu Rap Việt Mùa 3 để tranh tài nhằm tìm ra người nắm giữ ngôi vị cao nhất mùa thứ 3.','https://firebasestorage.googleapis.com/v0/b/vtube-15.appspot.com/o/videos%2FM%E1%BB%99t%20C%C3%B4ng%20%C4%90%C3%B4i%20Vi%E1%BB%87c%20-%20HURRYKNG%20ft.%20HIEUTHUHAI%20-%20Team%20BigDaddy%20_%20Rap%20Vi%E1%BB%87t%202023%20%5BMV%20Lyrics%5D.mp4ef9b8c81-9b6f-429c-aa28-84899c11af8e?alt=media&token=a65d9ac0-7650-40a4-9dd9-9bee5493ac56','https://firebasestorage.googleapis.com/v0/b/vtube-15.appspot.com/o/images%2Fimg12.jpg193bb860-a902-49a8-a114-f0c8f2c17444?alt=media&token=8dd190a5-16-40d7-8c4f-5ec2a7ef8600','2023-10-22 16:08:16',0,1225,0,0,'19.0000',0,1,'2023-10-22 16:08:16'),
                           (21,'Khi Cơn Mơ Dần Phai - Tez ft. Myra Trần - Team BigDaddy _ Rap Việt 2023','Rap Việt được mua bản quyền từ chương trình đình đám tại Thái Lan – The Rapper, đây là format từng đạt nhiều giải thưởng vang dội như Giải thưởng truyền hình châu Á lần thứ 23 – 2018 với hạng mục Chương trình giải trí tổng hợp hay nhất, Giải thưởng sáng tạo của Viện hàn lâm châu Á 2019, Giải thưởng Zocial Awards Thái Lan 2019 - Giải thưởng giải trí hay nhất trên mạng xã hội. Rap Việt Mùa 3 đang phát sóng, những thí sinh xuất sắc được tuyển chọn khắp Việt Nam sẽ quy tụ tại sân khấu Rap Việt Mùa 3 để tranh tài nhằm tìm ra người nắm giữ ngôi vị cao nhất mùa thứ 3.','https://firebasestorage.googleapis.com/v0/b/vtube-15.appspot.com/o/videos%2FKhi%20C%C6%A1n%20M%C6%A1%20D%E1%BA%A7n%20Phai%20-%20Tez%20ft.%20Myra%20Tr%E1%BA%A7n%20-%20Team%20BigDaddy%20_%20Rap%20Vi%E1%BB%87t%202023%20%5BMV%20Lyrics%5D.mp4886a0ae6-d137-4bc5-9140-94e1d7f0b1cc?alt=media&token=c666ba22-11ea-4384-84f3-85e1090dfb35','https://firebasestorage.googleapis.com/v0/b/vtube-15.appspot.com/o/images%2Fimg13.jpgfa981423-52c9-47e8-bc3f-2249369089dd?alt=media&token=d75caa68-8977-4d16-97fc-82425e9e80cc','2023-10-22 16:11:49',0,845,0,0,'19.0000',0,1,'2023-10-22 16:11:49'),
                           (22,'Chạy thử VinFast VF6_ Nó lại là… hợp lý','Chạy thử VinFast VF6: Nó lại là… hợp lý? |XEHAY.VN| Kênh TikTok chính thức của Xe Hay: https://tiktok.com/@xehay_official Fanpage Xe Hay: http://facebook.com/xehay Fanpage Hùng Lâm: https://www.facebook.com/Hunglamxehay Cộng đồng Xe Hay: https://www.facebook.com/groups/25169...','https://firebasestorage.googleapis.com/v0/b/vtube-15.appspot.com/o/videos%2FCh%E1%BA%A1y%20th%E1%BB%AD%20VinFast%20VF6_%20N%C3%B3%20l%E1%BA%A1i%20l%C3%A0%E2%80%A6%20h%E1%BB%A3p%20l%C3%BD_%20_XEHAY.VN_.mp4be6f5706-7b88-41cf-bdc4-2261d1b33f63?alt=media&token=5949c9e0-267f-472f-959a-c1d93226a171','https://firebasestorage.googleapis.com/v0/b/vtube-15.appspot.com/o/images%2Fimg14.jpg56572623-9668-4bfc-ad6d-ec9c2ed23f68?alt=media&token=46609664-3a1e-42c2-b570-303dfae28eba','2023-10-22 16:28:26',0,184,0,0,'19.0000',0,1,'2023-10-22 16:28:26'),
                           (23,'Loạt sedan cỡ B “đua nhau” ưu đãi, có mẫu giảm đến cả trăm triệu đồng','Loạt sedan cỡ B “đua nhau” ưu đãi, có mẫu giảm đến cả trăm triệu đồng |XEHAY.VN| Kênh TikTok chính thức của Xe Hay: https://tiktok.com/@xehay_official Fanpage Xe Hay: http://facebook.com/xehay Fanpage Hùng Lâm: https://www.facebook.com/Hunglamxehay Cộng đồng Xe Hay: https://www.facebook.com/groups/25169...','https://firebasestorage.googleapis.com/v0/b/vtube-15.appspot.com/o/videos%2FLo%E1%BA%A1t%20sedan%20c%E1%BB%A1%20B%20%E2%80%9C%C4%91ua%20nhau%E2%80%9D%20%C6%B0u%20%C4%91%C3%A3i%2C%20c%C3%B3%20m%E1%BA%ABu%20gi%E1%BA%A3m%20%C4%91%E1%BA%BFn%20c%E1%BA%A3%20tr%C4%83m%20tri%E1%BB%87u%20%C4%91%E1%BB%93ng%20_XEHAY.VN_.mp4f86077d6-9dee-411b-bc11-f11888d83f16?alt=media&token=ec187dd2-5868-43c9-80f7-e7ef3ead0215','https://firebasestorage.googleapis.com/v0/b/vtube-15.appspot.com/o/images%2Fimg15.jpgf5bca8a6-e6d5-4dea-9584-f8271c52a0d4?alt=media&token=7451ca1e-0c13-4612-991a-7f8b5c93a7c6','2023-10-22 16:30:50',0,342,0,0,'19.0000',0,1,'2023-10-22 16:30:50'),
                           (24,'VinFast VF 6 chính thức “chào sân”_ Giá từ 675 triệu đồng… liệu có làm nên chuyện','VinFast VF 6 chính thức “chào sân”: Giá từ 675 triệu đồng… liệu có làm nên chuyện? |XEHAY.VN| Kênh TikTok chính thức của Xe Hay: https://tiktok.com/@xehay_official Fanpage Xe Hay: http://facebook.com/xehay Fanpage Hùng Lâm: https://www.facebook.com/Hunglamxehay Cộng đồng Xe Hay: https://www.facebook.com/groups/25169...','https://firebasestorage.googleapis.com/v0/b/vtube-15.appspot.com/o/videos%2FVinFast%20VF%206%20ch%C3%ADnh%20th%E1%BB%A9c%20%E2%80%9Cch%C3%A0o%20s%C3%A2n%E2%80%9D_%20Gi%C3%A1%20t%E1%BB%AB%20675%20tri%E1%BB%87u%20%C4%91%E1%BB%93ng%E2%80%A6%20li%E1%BB%87u%20c%C3%B3%20l%C3%A0m%20n%C3%AAn%20chuy%E1%BB%87n_%20_XEHAY.VN_.mp46c0ad2d8-9277-4319-871e-c449d750bd0d?alt=media&token=f9c20550-84e9-4018-85e1-6968d75c3849','https://firebasestorage.googleapis.com/v0/b/vtube-15.appspot.com/o/images%2Fimg16.jpgcc5b8fa6-8a95-4c43-9b3e-0eaab6d4296c?alt=media&token=5b5dc5a8-fc98-4cee-b422-df5ef0e3309a','2023-10-22 16:32:49',0,342,0,0,'19.0000',0,1,'2023-10-22 16:32:49'),
                           (25,'_Tây_ Đánh giá Suzuki Jimny sắp ra mắt tại Việt Nam như thế nào','"Tây" Đánh giá Suzuki Jimny sắp ra mắt tại Việt Nam như thế nào |XEHAY.VN| Kênh TikTok chính thức của Xe Hay: https://tiktok.com/@xehay_official Fanpage Xe Hay: http://facebook.com/xehay Fanpage Hùng Lâm: https://www.facebook.com/Hunglamxehay Cộng đồng Xe Hay: https://www.facebook.com/groups/25169...','https://firebasestorage.googleapis.com/v0/b/vtube-15.appspot.com/o/videos%2F_T%C3%A2y_%20%C4%90%C3%A1nh%20gi%C3%A1%20Suzuki%20Jimny%20s%E1%BA%AFp%20ra%20m%E1%BA%AFt%20t%E1%BA%A1i%20Vi%E1%BB%87t%20Nam%20nh%C6%B0%20th%E1%BA%BF%20n%C3%A0o_%20_XEHAY.VN_.mp4c5ff6698-1125-499f-841e-44e5fdd1878f?alt=media&token=c97b9736-61e3-4dc1-9eee-8bc538eca3fc','https://firebasestorage.googleapis.com/v0/b/vtube-15.appspot.com/o/images%2Fimg17.jpg4730026c-fc3a-4bcb-a496-afd10de6ad1f?alt=media&token=1572a772-2773-4d12-b8d5-299507e6ceec','2023-10-22 16:35:13',0,234,0,0,'19.0000',0,1,'2023-10-22 16:35:13'),
                           (26,'[ĐÁNH GIÁ NHANH] BMW XM sắp về Việt Nam_ Quái thú đầu đàn _XEHAY.VN_.mp4','[ĐÁNH GIÁ NHANH] BMW XM sắp về Việt Nam: Quái thú đầu đàn Kênh TikTok chính thức của Xe Hay: https://tiktok.com/@xehay_official Fanpage Xe Hay: http://facebook.com/xehay Fanpage Hùng Lâm: https://www.facebook.com/Hunglamxehay Cộng đồng Xe Hay: https://www.facebook.com/groups/25169...','https://firebasestorage.googleapis.com/v0/b/vtube-15.appspot.com/o/videos%2F%5B%C4%90%C3%81NH%20GI%C3%81%20NHANH%5D%20BMW%20XM%20s%E1%BA%AFp%20v%E1%BB%81%20Vi%E1%BB%87t%20Nam_%20Qu%C3%A1i%20th%C3%BA%20%C4%91%E1%BA%A7u%20%C4%91%C3%A0n%20_XEHAY.VN_.mp40d3e3a6a-0ab3-4ff9-bfbe-01ad26184b3f?alt=media&token=c76a3907-6cd4-47a0-9aae-de7652113c9f','https://firebasestorage.googleapis.com/v0/b/vtube-15.appspot.com/o/images%2Fimg18.jpgf6f281c9-7600-4901-ab3c-db2399ac637f?alt=media&token=cb1a44b3-8b17-49da-9254-ed2542fc06a7','2023-10-22 16:36:51',0,214,0,0,'19.0000',0,1,'2023-10-22 16:36:51'),
                           (27,'Hyundai Santa Fe Hybrid chính thức _lên kệ_ tại Việt Nam_ Giá từ 1,450 tỷ đồng','Hyundai Santa Fe Hybrid chính thức "lên kệ" tại Việt Nam: Giá từ 1,450 tỷ đồng |XEHAY.VN| Kênh TikTok chính thức của Xe Hay: https://tiktok.com/@xehay_official Fanpage Xe Hay: http://facebook.com/xehay Fanpage Hùng Lâm: https://www.facebook.com/Hunglamxehay Cộng đồng Xe Hay: https://www.facebook.com/groups/25169...','https://firebasestorage.googleapis.com/v0/b/vtube-15.appspot.com/o/videos%2FHyundai%20Santa%20Fe%20Hybrid%20ch%C3%ADnh%20th%E1%BB%A9c%20_l%C3%AAn%20k%E1%BB%87_%20t%E1%BA%A1i%20Vi%E1%BB%87t%20Nam_%20Gi%C3%A1%20t%E1%BB%AB%201%2C450%20t%E1%BB%B7%20%C4%91%E1%BB%93ng%20_XEHAY.VN_.mp4d908570c-ae3a-4e2b-aa68-1b86abab5a24?alt=media&token=afb104c9-a4d7-4411-bba5-8a3ca8f65565','https://firebasestorage.googleapis.com/v0/b/vtube-15.appspot.com/o/images%2Fimg19.jpg42d394ca-5400-4330-a4ac-9e86b2dd7193?alt=media&token=682cd463-c755-4cb5-85d2-95c83a5d0045','2023-10-22 16:38:54',0,122,0,0,'19.0000',0,1,'2023-10-22 16:38:54'),
                           (28,'Chiêm ngưỡng siêu ngựa Ferrari Purosangue giá từ 39 tỷ vừa ra mắt tại Việt Nam','Source clip:/@ucd8iy-kehtab8qt8mh--zgw Chiêm ngưỡng siêu ngựa Ferrari Purosangue giá từ 39 tỷ vừa ra mắt tại Việt Nam Kênh TikTok chính thức của Xe Hay: https://tiktok.com/@xehay_official Fanpage Xe Hay: http://facebook.com/xehay Fanpage Hùng Lâm: https://www.facebook.com/Hunglamxehay Cộng đồng Xe Hay: https://www.facebook.com/groups/25169...','https://firebasestorage.googleapis.com/v0/b/vtube-15.appspot.com/o/videos%2FChi%C3%AAm%20ng%C6%B0%E1%BB%A1ng%20si%C3%AAu%20ng%E1%BB%B1a%20Ferrari%20Purosangue%20gi%C3%A1%20t%E1%BB%AB%2039%20t%E1%BB%B7%20v%E1%BB%ABa%20ra%20m%E1%BA%AFt%20t%E1%BA%A1i%20Vi%E1%BB%87t%20Nam%20_XEHAY.VN_.mp4136bbf87-9976-48ef-8cf0-43365d767a40?alt=media&token=5263d3d6-97c2-41bb-8c0a-2a7185886d14','https://firebasestorage.googleapis.com/v0/b/vtube-15.appspot.com/o/images%2Fimg20.jpg2fca4490-3dbc-43d6-9a12-99357fdff266?alt=media&token=6d7f2f22-a54e-4900-8e6f-cf9b47ab2a7b','2023-10-22 16:40:27',0,23,0,0,'19.0000',0,1,'2023-10-22 16:40:27');
INSERT INTO `tag`(`name`) VALUES ('#tiktok'),
                                 ('#tiktokvn'),
                                 ('#tiktokvietnam'),
                                 ('#tiktoktrend'),
                                 ('#tiktokdance'),
                                 ('#nhaytiktok'),
                                 ('#tiktoknhaytrend'),
                                 ('#tonghoptiktok'),
                                 ('#nhacdancetiktok'),
                                 ('#xuhuongtiktok'),
                                 ('#top30bainhacdancetiktok'),
                                 ('#toptrendtiktok'),
                                 ('#top40bainhacdancetiktok'),
                                 ('#bechow170'),
                                 ('#gaixinh838'),
                                 ('#DHOfficial'),
                                 ('#tieuhy'),
                                 ('#lebon');


INSERT INTO `video_tag`(video_id,tag_id) VALUES (1,1),
                                                (1,2),
                                                (1,3),
                                                (1,4),
                                                (1,5),
                                                (1,6),
                                                (1,7),
                                                (1,8),
                                                (1,9),
                                                (1,10),
                                                (1,11),
                                                (1,12),
                                                (1,13),
                                                (2,1),
                                                (2,2),
                                                (2,3),
                                                (2,4),
                                                (2,5),
                                                (2,6),
                                                (2,7),
                                                (2,8),
                                                (2,14),
                                                (2,9),
                                                (2,10),
                                                (2,11),
                                                (2,12),
                                                (2,13),
                                                (3,1),
                                                (3,2),
                                                (3,3),
                                                (3,4),
                                                (3,5),
                                                (3,6),
                                                (3,7),
                                                (3,8),
                                                (3,15),
                                                (3,9),
                                                (3,10),
                                                (3,11),
                                                (3,12),
                                                (3,13),
                                                (4,1),
                                                (4,2),
                                                (4,3),
                                                (4,4),
                                                (4,5),
                                                (4,6),
                                                (4,7),
                                                (4,8),
                                                (4,16),
                                                (4,9),
                                                (4,10),
                                                (4,11),
                                                (4,12),
                                                (4,13),
                                                (6,17),
                                                (7,18);